SENSOR_ID,FP_ID,LOC_ID,FROM_DATETIME,TO_DATETIME,LAT,LON,web_id,batt_%,first_soilMes,last_soilMes,nNAs_soilMes,NAsRatio_soilMes,notes
PI040298AD5I211649,B17C,iKNUqeXmzO1564386047452,2019-05-01 07:40:53,2019-07-30 07:40:53,37.1396425432979,-8.63560648468544,ALG_VDL_TN15*-B17C,100,,,,,"noWeb , noQual"
PI040298AD5I212943,0590,heQFfVxSDq1564254251361,2019-05-01 07:40:53,2019-07-30 07:40:53,37.1401211486922,-8.63053767733988,ALG_VDL_FR02•0590,100,,,,,"noWeb , noQual"
PI040298AD5I208350,6A22,FDCtY3Myk01534956289457,2019-05-01 07:40:53,2019-07-30 07:40:53,37.0720011536534,-8.77515150648126,Burgau2-6a22,57,,,,,noQual
PI040298AD5I211153,5B79,VJOPU3cokL1557129727715,2019-05-01 07:40:53,2019-07-30 07:40:53,37.1404092832598,-8.63535220628082,ALG_VDL_MN35*-5B79,77,,,,,noQual
PI040298AD5I213952,C758,oIeephFnoc1553760826471,2019-05-01 07:40:53,2019-07-30 07:40:53,37.1404527536693,-8.63336533924644,ALG_VDL_OG07*-C758,71,2019-03-28 08:30:00,2019-07-29 18:15:00,0,0,
PI040298AD5I211658,9610,2GSZ0xQwt61535219432166,2019-05-01 07:40:53,2019-07-30 07:40:53,37.1400117,-8.631588835,ALG_VDL_SS51-9610,3,2018-08-25 19:15:00,2019-07-29 17:45:00,2,6.1642780089382e-05,0:0
PI040298AD5I214023,5C9B,8JTf8eDMhu1535470333956,2019-05-01 07:40:53,2019-07-30 07:40:53,37.1399404598272,-8.63176123132114,ALG_VDL_SS36-5C9B,19,2018-08-25 18:15:00,2019-07-29 17:45:00,2,6.16351813615212e-05,
PI040298AD5I212983,54B8,qTOCUc1C4a1535470213701,2019-05-01 07:40:53,2019-07-30 07:40:53,37.1399404598272,-8.63176123132114,ALG_VDL_SS38-54B8,100,2018-08-25 18:45:00,2019-07-29 17:45:00,3,9.2458470736894e-05,
PI040298AD5I209922,6E45,8xzMIS0Eqc1533057778332,2019-05-01 07:40:53,2019-07-30 07:40:53,37.1396330421975,-8.63564754770685,ALG_VDL_Tn16-6E45,0,2018-08-17 12:00:00,2019-07-29 17:45:00,4,0.000120329703387281,
PI040298AD5I212069,40A0,W4XoKIJSwt1534873927047,2019-05-01 07:40:53,2019-07-30 07:40:53,37.1404475396936,-8.63501650937595,ALG_VDL_Mn47-40A0,9,2018-08-21 19:00:00,2019-07-29 17:15:00,4,0.000121839780688395,
PI040298AD5I213048,4AA5,W0fxRKS00W1535191896310,2019-05-01 07:40:53,2019-07-30 07:40:53,37.139206121734,-8.6331614149763,ALG_VDL_Ss16-4AA5,0,2018-08-25 11:30:00,2019-07-29 17:30:00,5,0.000153959847271832,
PI040298AD5I212544,09E3,KABUoTC0mu1535300345924,2019-05-01 07:40:53,2019-07-30 07:40:53,37.1406913233534,-8.63314265252397,ALG_VDL_Og08-09E3,100,2018-08-26 17:30:00,2019-07-29 09:15:00,36,0.00111262207936704,
PI040298AD5I206995,6F1C,XWK1qUaeW41535299513915,2019-05-01 07:40:53,2019-07-30 07:40:53,37.1409286318004,-8.63331844492779,ALG_VDL_Og04-6F1C,0,2018-09-04 13:00:00,2019-07-29 09:15:00,36,0.00114249444620755,
PI040298AD5G203737,74B8,bzN7MY01Hn1553759256596,2019-05-01 07:40:53,2019-07-30 07:40:53,37.1409599782061,-8.63185631714937,ALG_VDL_ER04*-74B8,71,2019-03-28 08:00:00,2019-07-29 09:15:00,36,0.00303900050650008,
PI040298AD5I213006,6339,2okL4KwSOz1535298941239,2019-05-01 07:40:53,2019-07-30 07:40:53,37.1406928327007,-8.63381862900089,ALG_VDL_Og03-6339,100,2018-08-26 17:15:00,2019-07-29 09:00:00,37,0.00114349290725345,
PI040298AD5I210925,5B33,NrudXlJXLE1535450050025,2019-05-01 07:40:53,2019-07-30 07:40:53,37.1409019333655,-8.63163603480624,ALG_VDL_ER05-5B33,6,2018-08-28 11:00:00,2019-07-29 09:00:00,37,0.00114942528735632,
PI040298AD5I212037,4EFA,2UpXZ9qsrK1535450249236,2019-05-01 07:40:53,2019-07-30 07:40:53,37.1408468578644,-8.63132418110961,ALG_VDL_ER06-4EFA,9,2018-08-28 11:15:00,2019-07-29 09:00:00,38,0.00118052750939762,
PI040298AD5I213392,B434,ikd6cCGUSF1554044581946,2019-05-01 07:40:53,2019-07-30 07:40:53,37.1402309690165,-8.63511104460496,ALG_VDL_MN21-B434,72,2019-03-31 16:15:00,2019-07-29 08:30:00,39,0.00338277387457715,
PI040298AD5I212625,B12D,EGZEMNYCGZ1553620965551,2019-05-01 07:40:53,2019-07-30 07:40:53,37.1399218581937,-8.63561556820731,ALG_VDL_Mn11*-B12D,66,2019-03-26 17:30:00,2019-07-29 07:45:00,42,0.0035,
PI040298AD5I212622,C05B,DxCY3hpSjk1553765240984,2019-05-01 07:40:53,2019-07-30 07:40:53,37.1401362099864,-8.63472813486555,ALG_VDL_MN12*-C05B,69,2019-03-28 09:45:00,2019-07-29 07:45:00,42,0.003547596925416,
PI040298AD5I213390,B537,ImCQEV5YqI1553619892539,2019-05-01 07:40:53,2019-07-30 07:40:53,37.1399581665268,-8.6346654282159,ALG_VDL_Mn04*-B537,67,2019-03-26 17:15:00,2019-07-29 07:45:00,42,0.00349970835763686,
PI040298AD5I214085,57D0,xUdVB3FQcy1553619499851,2019-05-01 07:40:53,2019-07-30 07:40:53,37.1399581665268,-8.6346654282159,ALG_VDL_Mn01*-57D0,69,2019-03-26 17:15:00,2019-07-29 07:45:00,42,0.00349970835763686,
PI040298AD5I209621,7F84,wh5NZlmu3o1553621202152,2019-05-01 07:40:53,2019-07-30 07:40:53,37.1400219727356,-8.63547212288764,ALG_VDL_Mn09*-7F84,70,2019-03-26 17:45:00,2019-07-29 07:45:00,42,0.00350029169097425,
PI040298AD5I213954,C6E7,Q0U6XPgfpH1553685091253,2019-05-01 07:40:53,2019-07-30 07:40:53,37.1396938917469,-8.6350394528587,ALG_VDL_TN16*-C6E7,68,2019-03-27 11:30:00,2019-07-28 18:45:00,94,0.00788061703554661,
PI040298AD5I213286,1087,TKSNLEnHnB1553682376455,2019-05-01 07:40:53,2019-07-30 07:40:53,37.1393067668847,-8.63542673877151,ALG_VDL_TN05*-1087,68,2019-03-27 10:45:00,2019-07-28 18:30:00,95,0.0079624507585282,
PI040298AD5I209329,983A,FJxIP0Z0VK1533051680469,2019-05-01 07:40:53,2019-07-30 07:40:53,37.1394273161197,-8.63513556594081,ALG_VDL_Tn06-983A,100,2018-08-17 12:15:00,2019-07-28 18:30:00,95,0.00285791642850696,
PI040298AD5I212626,B122,adwDxe45pb1553683273282,2019-05-01 07:40:53,2019-07-30 07:40:53,37.1391440334598,-8.6355722852715,ALG_VDL_TN07*-B122,69,2019-03-27 11:00:00,2019-07-28 18:30:00,95,0.00796311818943839,
PI040298AD5I208794,6791,jw8QLULVYM1533058244803,2019-05-01 07:40:53,2019-07-30 07:40:53,37.1396613140618,-8.63481873756822,ALG_VDL_Tn17-6791,100,2018-08-17 12:15:00,2019-07-28 19:00:00,96,0.00288799975933335,
PI040298AD5I208783,671D,J4U3lKlFOa1533049255044,2019-05-01 07:40:53,2019-07-30 07:40:53,37.139137185661,-8.63520334506922,ALG_VDL_Tn02-6710,100,2018-08-17 12:15:00,2019-07-28 18:30:00,100,0.00300833308263891,
PI040298AD5I211625,56EB,8X7EWhUx8i1553618904028,2019-05-01 07:40:53,2019-07-30 07:40:53,37.1392348650421,-8.63334486488551,ALG_VDL_Ss13*-56EB,65,2019-03-26 17:00:00,2019-07-28 16:45:00,102,0.0084985835694051,
PI040298AD5I211152,5A23,xm3fSYwseM1554048306140,2019-05-01 07:40:53,2019-07-30 07:40:53,37.1390207163054,-8.63201195618469,ALG_VDL_SS57-*5A23,70,2019-04-10 15:30:00,2019-07-29 17:45:00,116,0.0109723798713583,
PI040298AD5I211031,2E26,3th6MKTFWB1535217877515,2019-05-01 07:40:53,2019-07-30 07:40:53,37.13919749,-8.632476144,ALG_VDL_SS40-2E26,100,2018-08-25 18:45:00,2019-07-29 17:45:00,132,0.00406817271242334,0:0
PI040298AD5G200484,BC31,AWAUJIhxHA1552661375562,2019-05-01 07:40:53,2019-07-30 07:40:53,37.1387717754363,-8.63256201878418,ALG_VDL_SB04-BC31,66,2019-03-15 15:00:00,2019-07-28 09:00:00,133,0.0101790907699372,
PI040298AD5G201927,0B9D,3JQFhVSTzU1553680202391,2019-05-01 07:40:53,2019-07-30 07:40:53,37.1385435042446,-8.63543388355283,ALG_VDL_TS02*-0B9D,54,2019-03-27 10:00:00,2019-07-28 09:00:00,133,0.0111446287916876,
PI040298AD5I210661,1112,phXvcqFMYE1552661728870,2019-05-01 07:40:53,2019-07-30 07:40:53,37.1386386887476,-8.63359501020992,ALG_VDL_SB07-1112,66,2019-03-15 15:15:00,2019-07-28 08:45:00,134,0.0102564102564103,
PI040298AD5I214008,4E71,BlYN9wFDHv1535457052190,2019-05-01 07:40:53,2019-07-30 07:40:53,37.1384628549096,-8.63428816787675,ALG_VDL_SB06-4E71,100,2018-08-26 10:45:00,2019-07-28 09:00:00,134,0.00413797362813822,
PI040298AD5I213035,553F,8xgiIQ6Zt11535456761202,2019-05-01 07:40:53,2019-07-30 07:40:53,37.1384628549096,-8.63428816787675,ALG_VDL_SB09-553F,100,2018-08-26 11:00:00,2019-07-28 08:45:00,134,0.00413810141436601,
PI040298AD5I210983,0F2F,KQKkJXgCcI1553613301729,2019-05-01 07:40:53,2019-07-30 07:40:53,37.1391255329508,-8.63363300738084,ALG_VDL_Ss01*-0F2F,68,2019-03-26 15:30:00,2019-07-28 08:30:00,135,0.0112425049966689,
PI040298AD5I213389,C718,TYwWIb6UZz1553613995621,2019-05-01 07:40:53,2019-07-30 07:40:53,37.139229958953,-8.63356721143994,ALG_VDL_Ss02*-C718,67,2019-03-26 15:45:00,2019-07-28 08:30:00,135,0.0112434413258932,
PI040298AD5I212862,C15F,e76687LEp41553618553317,2019-05-01 07:40:53,2019-07-30 07:40:53,37.1392348650421,-8.63334486488551,ALG_VDL_Ss12*-C15F,64,2019-03-26 17:00:00,2019-07-28 08:30:00,135,0.0112481253124479,
PI040298AD5G203983,CF45,Lvm7mAWVLJ1553615611974,2019-05-01 07:40:53,2019-07-30 07:40:53,37.1393304001739,-8.63346528140333,ALG_VDL_Ss06*-CF45,60,2019-03-26 16:15:00,2019-07-28 08:45:00,136,0.0113286130778842,
PI040298AD5I212788,FEA8,pXor4xm37Z1535277095914,2019-05-01 07:40:53,2019-07-30 07:40:53,37.13820901,-8.635637127,Alg_vdl_Wz01-FEA8,10,2018-08-26 11:00:00,2019-07-28 09:00:00,137,0.00423074547588166,0:0
PI040298AD5I213124,642E,5ABw42EwZS1535279371573,2019-05-01 07:40:53,2019-07-30 07:40:53,37.1383739678945,-8.63563728306547,ALG_VDL_TS01-642E,15,2018-08-26 11:45:00,2019-07-28 09:00:00,137,0.00423113746564131,
PI040298AD5I213167,0575,92aKeQ9DKG1535452625664,2019-05-01 07:40:53,2019-07-30 07:40:53,37.1387846359273,-8.63496553720071,ALG_VDL_TS11-0575,100,2018-08-28 11:45:00,2019-07-28 09:15:00,137,0.00425637679808618,
PI040298AD5I212106,586F,LnsQRG3RFc1535222293129,2019-05-01 07:40:53,2019-07-30 07:40:53,37.13898291,-8.631051807,ALG_VDL_Sb01-586F,100,2018-08-25 20:00:00,2019-07-28 08:45:00,138,0.00425374514518217,0:0
PI040298AD5I212632,2BB7,0wuGkGKKZ71535456384667,2019-05-01 07:40:53,2019-07-30 07:40:53,37.1382209719975,-8.63524307661699,ALG_VDL_SB12-2BB7,100,2018-08-26 11:15:00,2019-07-28 08:45:00,138,0.00426175843859053,
PI040298AD5I213836,4704,agl8HPwFpS1535278218371,2019-05-01 07:40:53,2019-07-30 07:40:53,37.13852207,-8.635951029,ALG_VDL_WZ06-4704,100,2018-08-26 11:30:00,2019-07-28 09:00:00,138,0.00426189005558987,0:0
PI040298AD5I212667,249F,15VPzoVR991535190110536,2019-05-01 07:40:53,2019-07-30 07:40:53,37.1392320114255,-8.63343243218945,ALG_VDL_Ss08-249F,7,2018-08-25 10:45:00,2019-07-28 08:30:00,139,0.00427968841405216,
PI040298AD5I212289,07B7,PBtqf1MIuR1552661068243,2019-05-01 07:40:53,2019-07-30 07:40:53,37.1388302137528,-8.6322132497751,ALG_VDL_SB03-07B7,65,2019-03-15 15:00:00,2019-07-28 07:15:00,140,0.0107148323894076,
PI040298AD5I213504,3462,MiMGWDmVRH1553615059520,2019-05-01 07:40:53,2019-07-30 07:40:53,37.139192788856,-8.6335104647513,ALG_VDL_Ss05*-3462,62,2019-03-26 16:00:00,2019-07-28 08:30:00,158,0.013160086623355,
PI040298AD5I206943,8F37,kMsaAeqhsp1554017141330,2019-05-01 07:40:53,2019-07-30 07:40:53,37.1394359649883,-8.62972720158846,ALG_VDL_FE01-8F37,72,2019-03-31 08:45:00,2019-07-27 19:45:00,186,0.0160913573838567,
PI040298AD5G204458,D85E,m6IhoSq7O91554018021722,2019-05-01 07:40:53,2019-07-30 07:40:53,37.140396045494,-8.62928328455379,ALG_VDL_NF01-D85E,71,2019-03-31 09:00:00,2019-07-27 19:45:00,186,0.0160927496106593,
PI040298AD5G202510,4F85,O3V7aL33zj1553941349665,2019-05-01 07:40:53,2019-07-30 07:40:53,37.141906521262,-8.62772461738462,ALG_VDL_LL10-4F85,68,2019-03-30 10:30:00,2019-07-27 19:30:00,187,0.0160597732737891,
PI040298AD5I213394,B3DA,V8QlGr8G5a1553962451243,2019-05-01 07:40:53,2019-07-30 07:40:53,37.1400203458921,-8.62864444773639,ALG_VDL_EF01-B3DA,70,2019-03-30 16:30:00,2019-07-27 19:30:00,187,0.0160929432013769,
PI040298AD5I212865,C12E,eyNBF2epky1553963264513,2019-05-01 07:40:53,2019-07-30 07:40:53,37.1397147373442,-8.62867555159317,ALG_VDL_EF02-C12E,67,2019-03-30 16:45:00,2019-07-27 19:30:00,187,0.0160943282554437,
PI040298AD5G200986,4E44,HstSaFxeCZ1553938982130,2019-05-01 07:40:53,2019-07-30 07:40:53,37.1426218113736,-8.62670797171837,ALG_VDL_LL07-4E44,71,2019-03-30 10:00:00,2019-07-27 19:15:00,188,0.016142881676112,
PI040298AD5G202379,4FD2,MezEmauMcn1553936465181,2019-05-01 07:40:53,2019-07-30 07:40:53,37.1442285240093,-8.6280606100996,ALG_VDL_LL04-4FD2,70,2019-03-30 09:15:00,2019-07-27 19:15:00,188,0.0161387243540218,
PI040298AD5I209116,9B35,2xc1jI7Mys1553937523928,2019-05-01 07:40:53,2019-07-30 07:40:53,37.143791143338,-8.62704294811653,ALG_VDL_LL05-9B35,70,2019-03-30 09:30:00,2019-07-27 19:15:00,188,0.0161401098901099,
PI040298AD5I213247,4D60,RAl3wIW3bx1553938235478,2019-05-01 07:40:53,2019-07-30 07:40:53,37.1438603966673,-8.62532668917986,ALG_VDL_LL06-4D60,71,2019-03-30 09:45:00,2019-07-27 19:15:00,188,0.0161414956641195,
PI040298AD5I209222,75E0,DGAp6jaY6E1553940534009,2019-05-01 07:40:53,2019-07-30 07:40:53,37.1408996965353,-8.62691176890927,ALG_VDL_LL09-75E0,72,2019-03-30 10:15:00,2019-07-27 19:15:00,188,0.0161442679261486,
PI040298AD5I212794,FF0C,6Fm9sdmnPT1553939848187,2019-05-01 07:40:53,2019-07-30 07:40:53,37.1417333184065,-8.62635150554939,ALG_VDL_LL08-FF0C,70,2019-03-30 10:15:00,2019-07-27 19:15:00,188,0.0161442679261486,
PI040298AD5I212954,04A7,OgtbvFJDa71552654297903,2019-05-01 07:40:53,2019-07-30 07:40:53,37.1393937868459,-8.63079471181086,ALG_VDL_Fr-01-04A7,67,2019-03-15 13:00:00,2019-07-27 19:00:00,189,0.0144561725562185,
PI040298AD5I212808,C701,NKvZCkOBJF1553935977451,2019-05-01 07:40:53,2019-07-30 07:40:53,37.143534132551,-8.62838663125625,ALG_VDL_LL03-C701,72,2019-03-30 09:00:00,2019-07-27 19:00:00,189,0.0162231759656652,
PI040298AD5I212432,B1C9,3fxbz0a8WU1553935347943,2019-05-01 07:40:53,2019-07-30 07:40:53,37.142873642697,-8.62850041347705,ALG_VDL_LL02-B1C9,70,2019-03-30 09:00:00,2019-07-27 19:00:00,189,0.0162231759656652,
PI040298AD5I214120,3185,w3ekZJSYoQ1542459950561,2019-05-01 07:40:53,2019-07-30 07:40:53,37.1412188081633,-8.63083056500579,ALG_VDL_LG01-3185,40,2019-01-04 19:15:00,2019-07-27 19:00:00,235,0.0118872982953108,
PI040298AD5I212135,2D1F,X2KKrNKaU61535452887181,2019-05-01 07:40:53,2019-07-30 07:40:53,37.1388664862417,-8.6345981000569,ALG_VDL_TS10-2D1F,99,2018-08-28 12:00:00,2019-07-28 09:15:00,268,0.00832660162803704,
PI040298AD5I206247,5991,oQPpcXdSeR1531387325357,2019-05-01 07:40:53,2019-07-30 07:40:53,37.1394531703043,-8.63081180162469,Fw01-5991,64,2018-08-17 12:00:00,2019-07-27 19:45:00,335,0.0100776126586848,
PI040298AD5I208806,7C4B,NovY1r8ej51535454249451,2019-05-01 07:40:53,2019-07-30 07:40:53,37.138494092459,-8.63476108910324,ALG_VDL_TS05-7C4B,100,2018-08-28 12:15:00,2019-07-28 09:00:00,351,0.010905701413702,
PI040298AD5I212141,35E2,HF0Z1gIeVp1534850507740,2019-05-01 07:40:53,2019-07-30 07:40:53,37.1398404525955,-8.63566548562686,ALG_VDL_Mn07-35E2,100,2018-08-21 12:30:00,2019-07-29 07:45:00,391,0.011900413927441,
PI040298AD5I211046,2EB1,ywUpTzoVJg1535451070883,2019-05-01 07:40:53,2019-07-30 07:40:53,37.1390917129152,-8.6342923545556,ALG_VDL_TS15-2EB1,100,2018-08-28 11:30:00,2019-07-28 18:30:00,458,0.0142289051820554,
PI040298AD5I212864,C14B,aUZAkebdeq1553760025062,2019-05-01 07:40:53,2019-07-30 07:40:53,37.1408585974201,-8.6325494512606,ALG_VDL_ER02*-C14B,68,2019-03-28 08:15:00,2019-07-29 09:00:00,618,0.0521739130434783,
PI040298AD5I212585,FF63,hF9nVKFI6P1535453119429,2019-05-01 07:40:53,2019-07-30 07:40:53,37.1389782906126,-8.63424362173548,ALG_VDL_TS09-FF63,100,2018-08-28 12:00:00,2019-07-28 09:00:00,625,0.0194183806623998,
PI040298AD5I208445,6536,Ifw170k66Q1533056569306,2019-05-01 07:40:53,2019-07-30 07:40:53,37.1392702562763,-8.63614063873349,ALG_VDL_Tn14-6536,100,2018-08-17 12:00:00,2019-07-29 08:30:00,1057,0.031797124120089,
PI040298AD5I213527,60CB,TCFvnJZINF1535470271518,2019-05-01 07:40:53,2019-07-30 07:40:53,37.1399404598272,-8.63176123132114,ALG_VDL_SS37-60CB,100,2018-08-25 18:30:00,2019-07-29 17:45:00,1104,0.0340236686390533,
PI040298AD5I214003,3757,tiSvZU4Xv81534872148273,2019-05-01 07:40:53,2019-07-30 07:40:53,37.1404057850978,-8.63541277004578,ALG_VDL_Mn37-3757,100,2018-08-21 18:30:00,2019-07-29 08:45:00,1114,0.0339303118908382,
PI040298AD5I212921,5F14,I7HZtYJqzw1535193132130,2019-05-01 07:40:53,2019-07-30 07:40:53,37.139391302219,-8.63293890035322,ALG_VDL_Ss24-5F14,11,2018-08-25 11:45:00,2019-07-29 18:00:00,1145,0.0352578906851424,
PI040298AD5I213293,5BF1,p5aBoWBeSq1553934651003,2019-05-01 07:40:53,2019-07-30 07:40:53,37.1425840910881,-8.62782954494742,ALG_VDL_LL01-5BF1,73,2019-03-30 08:45:00,2019-07-27 19:00:00,1306,0.112093382542271,
PI040298AD5I210659,C488,PshDHbDAJL1533050332875,2019-05-01 07:40:53,2019-07-30 07:40:53,37.1393986996741,-8.63470392678922,ALG_VDL_Tn03-C488,100,2018-08-17 12:00:00,2019-07-28 18:30:00,1392,0.0418747367787738,
PI040298AD5I213936,947E,YaOFT1wYaN1535222231822,2019-05-01 07:40:53,2019-07-30 07:40:53,37.1389362971288,-8.63164808578282,ALG_VDL_Sb02-947E,97,2018-08-25 19:45:00,2019-07-28 08:45:00,1469,0.0452794131245569,
PI040298AD5I212917,5EC4,PntEIJl8sm1534873773800,2019-05-01 07:40:53,2019-07-30 07:40:53,37.1404475396936,-8.63501650937595,ALG_VDL_Mn46-5EC4,100,2018-08-21 19:00:00,2019-07-29 08:30:00,1547,0.0471215351812367,
PI040298AD5I213420,392B,mDOSxUTaS01534849950866,2019-05-01 07:40:53,2019-07-30 07:40:53,37.1398819704364,-8.63526069498754,ALG_VDL_Mn05-392B,100,2018-08-21 12:30:00,2019-07-29 07:45:00,1836,0.0558802045288532,
PI040298AD5I213912,1659,nSc3coxo561535220123471,2019-05-01 07:40:53,2019-07-30 07:40:53,37.1392109040649,-8.6309329045655,ALG_VDL_Ss53-1659,100,2018-08-25 19:15:00,2019-07-29 17:45:00,1847,0.0569271074125443,
PI040298AD5I212829,07AA,mGXhZexuNK1536583980883,2019-05-01 07:40:53,2019-07-30 07:40:53,37.1389078635636,-8.63348880861954,ALG_VDL_Ss58-07AA,78,2018-08-26 10:15:00,2019-07-28 09:15:00,1866,0.0576192681797128,
PI040298AD5I212535,0876,sUUIJFT7cL1535453451771,2019-05-01 07:40:53,2019-07-30 07:40:53,37.1388996629387,-8.63396241241265,ALG_VDL_TS08-0876,16,2018-08-28 12:00:00,2019-07-28 09:00:00,1897,0.0589386689865159,
PI040298AD5G201682,1CA2,yiS8fE2DmG1534871621291,2019-05-01 07:40:53,2019-07-30 07:40:53,37.1404057850978,-8.63541277004578,ALG_VDL_Mn34-1CA2,100,2018-08-21 18:30:00,2019-07-29 08:30:00,2086,0.063535575048733,
PI040298AD5G202636,4176,qpjvoVkime1534870667080,2019-05-01 07:40:53,2019-07-30 07:40:53,37.1402325549045,-8.63535344442288,ALG_VDL_Mn31-4176,100,2018-08-21 18:15:00,2019-07-29 08:15:00,2111,0.0642950689854719,
PI040298AD5I212139,2D46,bFqZZnoxk21535454015361,2019-05-01 07:40:53,2019-07-30 07:40:53,37.1387182447023,-8.63455445394471,ALG_VDL_TS06-2D46,13,2018-08-28 12:15:00,2019-07-28 09:00:00,2318,0.0720211278545907,
PI040298AD5I211329,A06F,b9y2LYwYn51535218609246,2019-05-01 07:40:53,2019-07-30 07:40:53,37.1393255453694,-8.63201479911053,ALG_VDL_Ss43-A06F,12,2018-08-25 18:45:00,2019-07-29 18:00:00,2678,0.0825345948778007,
PI040298AD5G203720,CF87,KEuEizqP8E1535298576003,2019-05-01 07:40:53,2019-07-30 07:40:53,37.1408876828057,-8.63402680914387,ALG_VDL_Og01-CF87,100,2018-08-26 17:00:00,2019-07-29 09:15:00,2744,0.0848012856171581,
PI040298AD5I209386,6D13,WJd2bAJl1l1535462201843,2019-05-01 07:40:53,2019-07-30 07:40:53,37.1391829203616,-8.63174107131516,ALG_VDL_Ss54-6D13,100,2018-08-25 19:30:00,2019-07-29 17:30:00,2752,0.084823079768216,
PI040298AD5I214027,5D52,HHmLWtfACp1535221024093,2019-05-01 07:40:53,2019-07-30 07:40:53,37.1391022893847,-8.63144746787803,ALG_VDL_Ss55-5D52,100,2018-08-25 19:30:00,2019-07-29 17:45:00,2767,0.0852854148686968,
PI040298AD5I208531,805C,fhYI5qImzV1553963740749,2019-05-01 07:40:53,2019-07-30 07:40:53,37.139640048995,-8.62924423948207,ALG_VDL_VY01-805C,78,2019-03-30 16:45:00,2019-06-30 16:45:00,2790,0.24012393493416,
PI040298AD5I214057,3390,ln7GJkYJoH1535190707803,2019-05-01 07:40:53,2019-07-30 07:40:53,37.1391308108068,-8.63339052842582,ALG_VDL_Ss11-3390,17,2018-08-25 11:00:00,2019-06-30 17:00:00,2793,0.0859966746720857,
PI040298AD5I205667,66C4,QCXimA0HlX1535454572288,2019-05-01 07:40:53,2019-07-30 07:40:53,37.1385232731897,-8.63510403342741,ALG_VDL_TS04-66C4,100,2018-08-26 12:00:00,2019-07-28 09:00:00,2815,0.0869417505713756,
PI040298AD5I213031,5559,QOjz7TCuyU1534870967925,2019-05-01 07:40:53,2019-07-30 07:40:53,37.1402362148764,-8.63543014896242,ALG_VDL_Mn32-5559,25,2018-08-21 18:15:00,2019-06-30 10:15:00,2816,0.0857673681966315,
PI040298AD5I211401,95B0,Ne6qoADmUA1535263656315,2019-05-01 07:40:53,2019-07-30 07:40:53,37.1387280674419,-8.63291797671073,ALG_VDL_Sb05-95B0,15,2018-08-25 20:15:00,2019-07-28 09:00:00,2857,0.0880675688172375,
PI040298AD5I210998,A45D,btugHA2Mqn1535456523021,2019-05-01 07:40:53,2019-07-30 07:40:53,37.1383135411643,-8.63488530939955,ALG_VDL_SB11-A45D,100,2018-08-26 11:00:00,2019-07-28 08:45:00,3032,0.0936322648384905,
PI040298AD5I213561,58DD,sJCZG81o1O1535218842733,2019-05-01 07:40:53,2019-07-30 07:40:53,37.1394840876003,-8.6320246183177,ALG_VDL_Ss45-58DD,100,2018-08-25 19:00:00,2019-07-29 17:45:00,3127,0.0963755162423719,
PI040298AD5G200816,2D8F,Cvg7QlZ48P1535451367123,2019-05-01 07:40:53,2019-07-30 07:40:53,37.1391692982982,-8.63465725650764,ALG_VDL_TS14-2D8F,100,2018-08-28 11:30:00,2019-07-28 09:15:00,3128,0.0971790729464397,
PI040298AD5I212991,1108,K1wPau6XEM1534850765904,2019-05-01 07:40:53,2019-07-30 07:40:53,37.1398404525955,-8.63566548562686,ALG_VDL_Mn08-1108,100,2018-08-21 12:45:00,2019-07-29 07:45:00,3292,0.100197838989499,
PI040298AD5G205297,716B,8c3gu0NhT61534868334994,2019-05-01 07:40:53,2019-07-30 07:40:53,37.1403152508821,-8.63510936988484,ALG_VDL_Mn24-716B,100,2018-08-21 17:30:00,2019-07-29 08:15:00,3324,0.101230356925326,
PI040298AD5I212515,09A7,PTcaoiGpJF1553616353760,2019-05-01 07:40:53,2019-07-30 07:40:53,37.1393304001739,-8.63346528140333,ALG_VDL_Ss07*-09A7,65,2019-03-26 16:15:00,2019-07-28 08:30:00,3337,0.277967513536027,
PI040298AD5I213827,C142,psrhsvhrJW1535469737665,2019-05-01 07:40:53,2019-07-30 07:40:53,37.1399404598272,-8.63176123132114,ALG_VDL_SS50-C142,6,2018-08-25 19:15:00,2019-07-29 17:30:00,3520,0.108491292957312,
PI040298AD5I210872,5D17,LjM8kSdx3z1534849423584,2019-05-01 07:40:53,2019-07-30 07:40:53,37.1399606587496,-8.63466836005483,ALG_VDL_Mn03-5D17,0,2018-08-21 12:15:00,2019-07-29 17:30:00,3541,0.107770033782756,
PI040298AD5I211452,9FFC,ugWJA2HRIV1533056324298,2019-05-01 07:40:53,2019-07-30 07:40:53,37.1392702562763,-8.63614063873349,ALG_VDL_Tn13-9FFC,100,2018-08-17 12:15:00,2019-07-28 18:30:00,3727,0.112120573989952,
PI040298AD5I211397,9592,0FgVQljsFg1533054246260,2019-05-01 07:40:53,2019-07-30 07:40:53,37.1395966152931,-8.63483458349286,ALG_VDL_Tn09-9592,100,2018-08-17 12:00:00,2019-07-28 18:45:00,4121,0.123969676914746,
PI040298AD5I212108,5F9D,cBdmhXvyjr1535192256090,2019-05-01 07:40:53,2019-07-30 07:40:53,37.139206121734,-8.6331614149763,ALG_VDL_Ss21-5F9D,23,2018-08-25 11:30:00,2019-06-14 18:30:00,4321,0.133052100012317,
PI040298AD5I213175,08CC,xooPS0o4Ad1535217728753,2019-05-01 07:40:53,2019-07-30 07:40:53,37.1397135964553,-8.6324260328313,ALG_VDL_Ss35-08CC,18,2018-08-25 18:30:00,2019-06-14 18:00:00,4325,0.133290187376726,
PI040298AD5I211342,9417,syYfkQ8xNC1531386630830,2019-05-01 07:40:53,2019-07-30 07:40:53,37.14008966,-8.630561214,Fr02-9417,9,2018-08-17 12:00:00,2019-06-14 09:45:00,4354,0.130978882137056,0:0
PI040298AD5I213355,FD71,Y2WJEk7Ygz1534869616057,2019-05-01 07:40:53,2019-07-30 07:40:53,37.1403760428248,-8.63521370227103,ALG_VDL_Mn29-FD71,100,2018-08-21 18:00:00,2019-07-29 08:15:00,4416,0.13449473107145,
PI040298AD5I213081,926F,VmsfTVaWvU1535455620265,2019-05-01 07:40:53,2019-07-30 07:40:53,37.1384509338984,-8.6362008719156,ALG_VDL_WZ05-926F,100,2018-08-26 11:15:00,2019-07-28 09:00:00,4464,0.137858620796146,
PI040298AD5I206466,6DB3,5lgSqcOHFA1533055312558,2019-05-01 07:40:53,2019-07-30 07:40:53,37.1395966152931,-8.63483458349286,ALG_VDL_Tn11-6DB3,100,2018-08-17 12:15:00,2019-07-28 18:45:00,4471,0.134502572124786,
PI040298AD5I210900,63B0,cBFdbKbHoV1534869946829,2019-05-01 07:40:53,2019-07-30 07:40:53,37.1403760428248,-8.63521370227103,ALG_VDL_MN28-63B0,100,2018-08-21 17:45:00,2019-07-29 08:30:00,4593,0.139881224303335,
PI040298AD5I211999,2CD5,Fq2FXgQLM81534849197309,2019-05-01 07:40:53,2019-07-30 07:40:53,37.1399606587496,-8.63466836005483,ALG_VDL_Mn02-2CD5,100,2018-08-21 12:15:00,2019-07-29 07:45:00,4922,0.14980065130718,
PI040298AD5I206195,6C89,cfL1L7jw8R1533053993040,2019-05-01 07:40:53,2019-07-30 07:40:53,37.1391359857535,-8.63555584962462,ALG_VDL_Tn08-6C89,67,2018-08-17 12:00:00,2019-07-28 18:45:00,5153,0.155014740388665,
PI040298AD5I213557,5766,oRdZEjqZC81534873425100,2019-05-01 07:40:53,2019-07-30 07:40:53,37.1404475396936,-8.63501650937595,ALG_VDL_Mn44-5766,100,2018-08-21 19:00:00,2019-07-29 08:30:00,5394,0.1643009442583,
PI040298AD5I211458,A003,ZSSob2wl7N1535221323215,2019-05-01 07:40:53,2019-07-30 07:40:53,37.1392071909022,-8.63173371516953,ALG_VDL_Ss56-A003,100,2018-08-25 19:30:00,2019-07-29 17:45:00,5588,0.172235236099125,
PI040298AD5G201248,40EA,0rdUdViCvx1535453803848,2019-05-01 07:40:53,2019-07-30 07:40:53,37.1387413413638,-8.63422964307922,ALG_VDL_TS07-40EA,100,2018-08-28 12:15:00,2019-07-28 09:00:00,5716,0.177598260059034,
PI040298AD5I213916,4D23,78w6hXvI1D1535276168367,2019-05-01 07:40:53,2019-07-30 07:40:53,37.138352,-8.634617217,ALG_VDL_SB10-4D23,96,2018-08-26 11:00:00,2019-07-28 08:45:00,6176,0.190723241306899,0:0
PI040298AD5I211409,4630,QQ6doTNm7U1535279369868,2019-05-01 07:40:53,2019-07-30 07:40:53,37.13832962,-8.635290116,ALG_VDL_TS03-4630,100,2018-08-26 11:45:00,2019-07-28 09:15:00,7066,0.218227863738843,0:0
PI040298AD5I213008,630F,Tv8dtSq9mz1535277593531,2019-05-01 07:40:53,2019-07-30 07:40:53,37.13832962,-8.635290116,Alg_vdl_Wz03-630F,67,2018-08-26 11:15:00,2019-07-28 09:00:00,7272,0.224576140329205,0:0
PI040298AD5I213880,1BF2,CmSxAzgehi1535299936326,2019-05-01 07:40:53,2019-07-30 07:40:53,37.1406913233534,-8.63314265252397,ALG_VDL_Og06-1BF2,100,2018-08-26 17:30:00,2019-07-29 09:15:00,7461,0.230590925948819,
PI040298AD5I213966,0F0C,MySbD5DVVV1534867996413,2019-05-01 07:40:53,2019-07-30 07:40:53,37.1402622335523,-8.63509260148648,ALG_VDL_Mn22-0F0C,46,2018-08-21 17:30:00,2019-05-06 07:45:00,8106,0.246863198928006,
PI040298AD5I213432,316E,3hYvj31drJ1534868180078,2019-05-01 07:40:53,2019-07-30 07:40:53,37.1403152508821,-8.63510936988484,ALG_VDL_Mn23-316E,36,2018-08-21 17:30:00,2019-05-06 07:45:00,8106,0.246863198928006,
PI040298AD5I212118,5208,1Ykhp4jNr91535193731465,2019-05-01 07:40:53,2019-07-30 07:40:53,37.139391302219,-8.63293890035322,ALG_VDL_Ss27-5208,36,2018-08-25 12:00:00,2019-05-12 07:30:00,8656,0.266551702900782,
PI040298AD5I213170,0564,or2Co8W8C61535299808350,2019-05-01 07:40:53,2019-07-30 07:40:53,37.14082,-8.632846,ALG_VDL_ER01-0564,100,2018-08-26 17:30:00,2019-07-29 09:15:00,8668,0.267894671776487,0:0
PI040298AD5I209484,59FF,MGS0mfmt4q1533054943296,2019-05-01 07:40:53,2019-07-30 07:40:53,37.1395966152931,-8.63483458349286,ALG_VDL_Tn10-59FF,100,2018-08-17 12:00:00,2019-07-28 18:45:00,8736,0.262800072197822,
PI040298AD5I213076,91AA,JNuengmuMj1533050904745,2019-05-01 07:40:53,2019-07-30 07:40:53,37.1394273161197,-8.63513556594081,ALG_VDL_Tn04-91AA,100,2018-08-17 12:15:00,2019-07-28 18:30:00,8740,0.262928311422641,
PI040298AD5I211178,1099,ub684UMsBv1534867121078,2019-05-01 07:40:53,2019-07-30 07:40:53,37.1401846700159,-8.63503453068209,ALG_VDL_Mn17-1099,33,2018-08-21 17:15:00,2019-05-06 07:45:00,8790,0.267685842190212,
PI040298AD5I214087,5746,a525HXXwtr1553618078735,2019-05-01 07:40:53,2019-07-30 07:40:53,37.1391481465389,-8.63342658162273,ALG_VDL_Ss10*-5746,85,2019-03-26 16:45:00,2019-04-21 06:45:00,9550,0.795634424727152,
PI040298AD5I208734,11F6,RJxAG6jUpq1553761882332,2019-05-01 07:40:53,2019-07-30 07:40:53,37.1408555991583,-8.63364826886478,ALG_VDL_OG02*-11F6,60,2019-03-28 08:45:00,2019-07-29 09:15:00,9600,0.810605420923752,
PI040298AD5I207989,676F,sWnfofyy9K1534871826986,2019-05-01 07:40:53,2019-07-30 07:40:53,37.1404057850978,-8.63541277004578,ALG_VDL_Mn35-676F,30,2018-08-21 18:30:00,2019-04-20 18:00:00,9613,0.292793615984405,
PI040298AD5I212982,54AD,o2hzUJIcfj1535456889401,2019-05-01 07:40:53,2019-07-30 07:40:53,37.1384628549096,-8.63428816787675,ALG_VDL_SB08-54AD,100,2018-08-26 10:45:00,2019-07-28 09:00:00,9637,0.297594416823642,
PI040298AD5I213852,6401,E8HPF1N1Py1535193571285,2019-05-01 07:40:53,2019-07-30 07:40:53,37.139391302219,-8.63293890035322,ALG_VDL_Ss26-6401,85,2018-08-25 12:00:00,2019-05-12 07:15:00,10265,0.316099033072612,
PI040298AD5I211347,9545,RHwcYx7K101535449524728,2019-05-01 07:40:53,2019-07-30 07:40:53,37.1408710655339,-8.63255301862945,ALG_VDL_ER03-9545,24,2018-08-28 11:00:00,2019-07-29 09:00:00,10372,0.322211867039453,
PI040298AD5I212923,5E42,3ZiZr5cqPW1535188872700,2019-05-01 07:40:53,2019-07-30 07:40:53,37.1392988116444,-8.63355262959753,ALG_VDL_Ss04-5E42,67,2018-08-25 10:30:00,2019-04-21 06:45:00,10638,0.327524630541872,
PI040298AD5I211125,4186,azAU3s8fqb1535215741828,2019-05-01 07:40:53,2019-07-30 07:40:53,37.139453955359,-8.63277766440898,ALG_VDL_Ss28-4186,43,2018-08-25 11:45:00,2019-04-21 07:00:00,10718,0.330038491147036,
PI040298AD5I213087,8ED3,QW1MIRi3Cs1533058905631,2019-05-01 07:40:53,2019-07-30 07:40:53,37.1397919946021,-8.63458934297803,ALG_VDL_Tn18-8ED3,100,2018-08-17 12:15:00,2019-07-28 18:45:00,10901,0.327938389338468,
PI040298AD5I214096,5181,TzVkMzHNuP1535299997107,2019-05-01 07:40:53,2019-07-30 07:40:53,37.1406913233534,-8.63314265252397,ALG_VDL_Og05-5181,100,2018-08-26 17:15:00,2019-07-29 18:30:00,11491,0.355131810736471,
PI040298AD5I211618,4BD0,fl4AT88tAy1553614458702,2019-05-01 07:40:53,2019-07-30 07:40:53,37.139229958953,-8.63356721143994,ALG_VDL_Ss03*-4BD0,96,2019-03-26 15:45:00,2019-03-31 17:15:00,11524,0.959773465478471,
PI040298AD5I211602,5B9E,KmHg5KtcKg1535190334384,2019-05-01 07:40:53,2019-07-30 07:40:53,37.1392320114255,-8.63343243218945,ALG_VDL_Ss09-5B9E,49,2018-08-25 11:00:00,2019-03-31 17:00:00,11525,0.354855594556315,
PI040298AD5I212028,3217,FVCsxeXd0X1554018712106,2019-05-01 07:40:53,2019-07-30 07:40:53,37.1402325732919,-8.6300348604278,ALG_VDL_FF01-3217,100,2019-03-31 09:00:00,2019-03-31 16:30:00,11527,0.99731787506489,
PI040298AD5I211673,95F5,30FPO7dgWk1535276956614,2019-05-01 07:40:53,2019-07-30 07:40:53,37.13814656,-8.635955723,ALG_VDL_WZ02-95F5,100,2018-08-26 11:15:00,2019-07-28 09:00:00,11534,0.356196535005096,0:0
PI040298AD5I212947,0635,DCE5cdXtpX1535192093776,2019-05-01 07:40:53,2019-07-30 07:40:53,37.139206121734,-8.6331614149763,ALG_VDL_Ss17-0635,23,2018-08-25 11:30:00,2019-06-30 17:00:00,11567,0.356170710678655,
PI040298AD5I209872,6F72,fOsHPssg8T1533047994390,2019-05-01 07:40:53,2019-07-30 07:40:53,37.1391365802972,-8.63520434280467,ALG_VDL_Tn01-6F72,100%,2018-08-17 12:00:00,2019-07-28 18:30:00,11627,0.34976836532098,
PI040298AD5I211659,9609,75Pso1CQXD1535219775644,2019-05-01 07:40:53,2019-07-30 07:40:53,37.1401575060425,-8.63127722066869,ALG_VDL_Ss52-9609,100,2018-08-25 19:15:00,2019-07-29 18:30:00,11867,0.365757435660348,
PI040298AD5I210909,63D4,LnzPLFh4Jl1535217493479,2019-05-01 07:40:53,2019-07-30 07:40:53,37.13909967,-8.632393582,ALG_VDL_SS39-63D4,6,2018-08-25 18:45:00,2019-05-12 07:30:00,11886,0.366320461059574,0:0
PI040298AD5I206193,64E8,OeuHFYPaes1533055734692,2019-05-01 07:40:53,2019-07-30 07:40:53,37.1392864139543,-8.6358735806671,ALG_VDL_Tn12-64E8,97,2018-08-17 12:00:00,2019-07-28 18:30:00,12618,0.379580049335178,
PI040298AD5I214031,5FB5,o1h1i4QP8e1535193367948,2019-05-01 07:40:53,2019-07-30 07:40:53,37.139391302219,-8.63293890035322,ALG_VDL_Ss25-5FB5,40,2018-08-25 11:45:00,2019-03-31 18:00:00,13290,0.409237875288684,
PI040298AD5I212558,06A9,0w8SGavObH1535451584908,2019-05-01 07:40:53,2019-07-30 07:40:53,37.1390587731204,-8.63489524152664,ALG_VDL_TS13-06A9,100,2018-08-28 11:30:00,2019-07-28 09:15:00,13658,0.424319622219461,
PI040298AD5I211154,5BC7,QSGOlxu4GS1535470691003,2019-05-01 07:40:53,2019-07-30 07:40:53,37.1392978766439,-8.63291060513885,ALG_VDL_SS15-5BC7,12,2018-08-28 18:45:00,2019-03-02 13:00:00,14386,0.447339780465811,
PI040298AD5I213524,6099,2s4oP73rSr1535192424694,2019-05-01 07:40:53,2019-07-30 07:40:53,37.139206121734,-8.6331614149763,ALG_VDL_Ss20-6099,47,2018-08-25 11:30:00,2019-03-02 12:45:00,15513,0.477675822145584,
PI040298AD5I211062,31DD,DxuRhI28951534873582880,2019-05-01 07:40:53,2019-07-30 07:40:53,37.1404475396936,-8.63501650937595,ALG_VDL_Mn45-31DD,52,2018-08-21 19:00:00,2019-03-02 10:45:00,16011,0.487694182150472,
PI040298AD5I214021,5D46,VKTuZBe3Jr1534851436104,2019-05-01 07:40:53,2019-07-30 07:40:53,37.1400463052534,-8.63509280903325,ALG_VDL_Mn10-5D46,71,2018-08-21 12:45:00,2019-07-29 07:45:00,16018,0.487536143661543,
PI040298AD5I213521,5DF9,yjaVD0r6VP1535470143233,2019-05-01 07:40:53,2019-07-30 07:40:53,37.1399404598272,-8.63176123132114,ALG_VDL_SS42-5DF9,31,2018-08-25 18:45:00,2019-02-07 15:00:00,16521,0.509168798348075,
PI040298AD5I213228,5259,bP51T7I4eP1535470022826,2019-05-01 07:40:53,2019-07-30 07:40:53,37.1399404598272,-8.63176123132114,ALG_VDL_SS48-5259,58,2018-08-25 19:00:00,2019-02-07 15:00:00,16521,0.509184491154534,
PI040298AD5I214089,587C,YOk9ARZHTb1534873026030,2019-05-01 07:40:53,2019-07-30 07:40:53,37.1404598619774,-8.63525056869004,ALG_VDL_Mn42-587C,39,2018-08-21 18:45:00,2019-02-07 10:45:00,16538,0.503731229630532,
PI040298AD5I213854,641D,IF46U0xAuo1534873235737,2019-05-01 07:40:53,2019-07-30 07:40:53,37.1404598619774,-8.63525056869004,ALG_VDL_Mn43-641D,57,2018-08-21 19:00:00,2019-02-07 10:45:00,16538,0.503746573256168,
PI040298AD5I213128,61DB,aJ6E8KbOnk1534851640535,2019-05-01 07:40:53,2019-07-30 07:40:53,37.1400463052534,-8.63509280903325,ALG_VDL_Mn11-61DB,51,2018-08-21 13:00:00,2019-02-07 10:30:00,16539,0.503409021732514,
PI040298AD5I213859,640D,fI5ZO61PA41534868523233,2019-05-01 07:40:53,2019-07-30 07:40:53,37.14019954,-8.635155251,ALG_VDL_Mn25-640D,47,2018-08-21 17:30:00,2019-02-07 10:30:00,16540,0.503715434279449,0:0
PI040298AD5I206187,65E0,y05c942uCK1535299209934,2019-05-01 07:40:53,2019-07-30 07:40:53,37.1409470915287,-8.63364941350972,ALG_VDL_Og02-65E0,55,2018-08-26 17:15:00,2019-02-07 10:45:00,16550,0.511481286893099,
PI040298AD5I211603,5B8B,9eTwz2TQy21534851108880,2019-05-01 07:40:53,2019-07-30 07:40:53,37.1398404525955,-8.63566548562686,ALG_VDL_Mn09-5B8B,22,2018-08-21 12:45:00,2019-02-07 10:30:00,17843,0.543083244559428,
PI040298AD5I213454,533F,tax5p6Okho1535449241608,2019-05-01 07:40:53,2019-07-30 07:40:53,37.1408710655339,-8.63255301862945,ALG_VDL_ER02-533F,36,2018-08-28 11:00:00,2019-01-24 12:00:00,17877,0.555358807082945,
PI040298AD5I214030,5FFA,YOQhXfzyzk1534866511713,2019-05-01 07:40:53,2019-07-30 07:40:53,37.1402361987727,-8.63487013093514,ALG_VDL_Mn14-5FFA,59,2018-08-21 17:00:00,2019-01-24 11:15:00,17880,0.544491138315366,
PI040298AD5I213013,2F1D,I7EF0S7WP71534866900848,2019-05-01 07:40:53,2019-07-30 07:40:53,37.1402361987727,-8.63487013093514,ALG_VDL_Mn16-2F1D,38,2018-08-21 17:15:00,2019-01-24 11:00:00,17881,0.544538173401955,
PI040298AD5I210985,0F48,Q4lXEbWcrK1534869086737,2019-05-01 07:40:53,2019-07-30 07:40:53,37.1402968501519,-8.63518289704768,ALG_VDL_Mn27-0F48,40,2018-08-21 17:45:00,2019-01-24 11:00:00,17881,0.544571341556266,
PI040298AD5I213444,3136,2qkTIALEHg1534871175465,2019-05-01 07:40:53,2019-07-30 07:40:53,37.1402362148764,-8.63543014896242,ALG_VDL_Mn33-3136,55,2018-08-21 18:15:00,2019-01-24 11:15:00,17885,0.544726342399415,
PI040298AD5I211785,58A2,UmYVVUTu5F1535222864479,2019-05-01 07:40:53,2019-07-30 07:40:53,37.1389281082744,-8.63170292600176,ALG_VDL_Sb03-58A2,60,2018-08-25 20:00:00,2019-01-24 09:00:00,17893,0.551538129585106,
PI040298AD5I211332,9559,c71lkZ0g2A1535299113601,2019-05-01 07:40:53,2019-07-30 07:40:53,37.14050313,-8.633361524,ALG_VDL_OG07-9559,53,2018-08-26 17:15:00,2019-02-07 11:00:00,18647,0.576289520042031,0:0
PI040298AD5I209128,6CD4,3cM4q8Cmdb1535216047258,2019-05-01 07:40:53,2019-07-30 07:40:53,37.1393443442945,-8.6327855629385,ALG_VDL_Ss30-6CD4,5,2018-08-25 18:00:00,2019-01-09 15:15:00,19308,0.595007704160247,
PI040298AD5I212148,34A3,MPOlzrTRqG1534867267756,2019-05-01 07:40:53,2019-07-30 07:40:53,37.1401846700159,-8.63503453068209,ALG_VDL_Mn18-34A3,52,2018-08-21 17:15:00,2019-01-08 12:45:00,19410,0.591101501355179,
PI040298AD5I210868,5FD8,caYV2EkhLP1535188065329,2019-05-01 07:40:53,2019-07-30 07:40:53,37.1391344033013,-8.63360349267156,ALG_VDL_Ss01-5FD8,48,2018-08-25 10:15:00,2019-01-09 15:00:00,20003,0.615836950832795,
PI040298AD5I209489,59F0,D0zqgju1ho1534870198551,2019-05-01 07:40:53,2019-07-30 07:40:53,37.1403760428248,-8.63521370227103,ALG_VDL_Mn30-59F0,100,2018-08-21 18:00:00,2019-07-29 08:30:00,20156,0.613875860388622,
PI040298AD5I214098,5176,1gnNPEMazq1535217387514,2019-05-01 07:40:53,2019-07-30 07:40:53,37.139367820968,-8.63262358874735,ALG_VDL_Ss34-5176,65,2018-08-25 18:30:00,2019-01-09 15:30:00,20255,0.624229536489152,
PI040298AD5I213075,4AE2,qAReUss1XH1534866678673,2019-05-01 07:40:53,2019-07-30 07:40:53,37.1402361987727,-8.63487013093514,ALG_VDL_Mn15-4AE2,10,2018-08-21 17:00:00,2018-12-24 13:30:00,20847,0.634843778549242,
PI040298AD5I212109,5FA9,xc0XeoFooL1534867802196,2019-05-01 07:40:53,2019-07-30 07:40:53,37.1401846700159,-8.63503453068209,ALG_VDL_Mn21-5FA9,42,2018-08-21 17:30:00,2018-12-24 13:30:00,20847,0.634882446095749,
PI040298AD5I211052,321D,WUI2nn0kXs1535189281290,2019-05-01 07:40:53,2019-07-30 07:40:53,37.1392988116444,-8.63355262959753,ALG_VDL_Ss06-321D,12,2018-08-25 10:45:00,2019-01-24 14:30:00,21149,0.651159210566828,
PI040298AD5I206183,65BE,UTQ9iQp32y1535218909692,2019-05-01 07:40:53,2019-07-30 07:40:53,37.13949353,-8.631926458,ALG_VDL_SS47-65BE,61,2018-08-25 19:00:00,2018-12-25 10:15:00,21501,0.66267028293164,0:0
PI040298AD5I213020,5654,wutSBwVoDP1535219239783,2019-05-01 07:40:53,2019-07-30 07:40:53,37.1395843438796,-8.6319729314912,ALG_VDL_Ss46-5456,54,2018-08-25 19:00:00,2018-12-10 16:45:00,22179,0.68356654133021,
PI040298AD5G200671,4A9D,mIhNKJ1OhH1535215566055,2019-05-01 07:40:53,2019-07-30 07:40:53,37.139453955359,-8.63277766440898,ALG_VDL_Ss29-4A9D,47,2018-08-25 18:00:00,2018-12-10 16:15:00,22184,0.683636363636364,
PI040298AD5I209167,C1C8,QNm3ijpsx31535220989368,2019-05-01 07:40:53,2019-07-30 07:40:53,37.13900839,-8.632009607,ALG_VDL_Ss57-C1C8,20,2018-08-25 19:30:00,2018-12-10 16:00:00,22185,0.683793613611145,0:0
PI040298AD5I208428,65C0,MoKTE7kpBl1535456972621,2019-05-01 07:40:53,2019-07-30 07:40:53,37.1384628549096,-8.63428816787675,ALG_VDL_SB07-65C0,53,2018-08-26 10:30:00,2018-12-10 13:45:00,23079,0.712666749011858,
PI040298AD5I212610,07CF,IqQHZSXAIC1535452068090,2019-05-01 07:40:53,2019-07-30 07:40:53,37.138861052963,-8.63523227210566,ALG_VDL_TS12-07CF,100,2018-08-28 11:30:00,2019-07-28 09:15:00,23130,0.718590779172362,
PI040298AD5I213559,5968,GMlIHZ3Woe1535192572102,2019-05-01 07:40:53,2019-07-30 07:40:53,37.1393363058295,-8.6331370088226,ALG_VDL_Ss19-5968,62,2018-08-25 11:30:00,2018-12-10 16:15:00,23184,0.713881019830028,
PI040298AD5G200384,ACD1,8dPz59SEte1534867600026,2019-05-01 07:40:53,2019-07-30 07:40:53,37.1401846700159,-8.63503453068209,ALG_VDL_Mn20-ACD1,63,2018-08-21 17:15:00,2018-12-10 15:30:00,23344,0.710905381124951,
PI040298AD5I213018,3120,ciigV4Z3Uf1535277546589,2019-05-01 07:40:53,2019-07-30 07:40:53,37.13814128,-8.636439694,ALG_VDL_WZ04-3120,72,2018-08-26 11:15:00,2018-11-28 11:15:00,23356,0.721287174577685,0:0
PI040298AD5I211334,9431,pUv962F8pH1535216200274,2019-05-01 07:40:53,2019-07-30 07:40:53,37.1393443442945,-8.6327855629385,ALG_VDL_Ss31-9431,29,2018-08-25 18:15:00,2018-12-10 16:30:00,23418,0.721686338562051,
PI040298AD5I212999,53C2,oFWr3ok6EU1534872677149,2019-05-01 07:40:53,2019-07-30 07:40:53,37.1404598619774,-8.63525056869004,ALG_VDL_Mn40-53C2,6,2018-08-21 18:45:00,2018-11-27 15:45:00,23430,0.713654777496878,
PI040298AD5I213531,608E,pQXMgrvKtg1534867440980,2019-05-01 07:40:53,2019-07-30 07:40:53,37.1401846700159,-8.63503453068209,ALG_VDL_Mn19-608E,43,2018-08-21 17:15:00,2018-11-27 15:30:00,23431,0.713554831440144,
PI040298AD5I211628,4BEA,KVywlIN6BC1535216699421,2019-05-01 07:40:53,2019-07-30 07:40:53,37.1397003975766,-8.63259927053273,ALG_VDL_Ss33-4BEA,67,2018-08-25 18:15:00,2018-11-27 14:00:00,23441,0.722395143147709,
PI040298AD5I214139,2CF7,KDhBY6w3ex1537785253361,2019-05-01 07:40:53,2019-07-30 07:40:53,37.1391043016523,-8.63357598011613,ALG_VDL_Ss07-2CF7,4,2018-09-08 16:00:00,2018-11-27 13:00:00,23441,0.753390756572604,
PI040298AD5I213249,4D8F,xPDeeHfVsC1535218472792,2019-05-01 07:40:53,2019-07-30 07:40:53,37.13933,-8.63201,ALG_VDL_SS44-4D8F,71,2018-08-25 19:00:00,2018-11-27 14:15:00,23687,0.730043765024965,0:0
PI040298AD5I214088,5738,JZ9TXxrjPj1534866346770,2019-05-01 07:40:53,2019-07-30 07:40:53,37.1402361987727,-8.63487013093514,ALG_VDL_Mn13-5738,67,2018-08-21 17:00:00,2018-12-10 15:00:00,23756,0.723430172361289,
PI040298AD5I214095,5151,N0Av1q9RBX1535449757766,2019-05-01 07:40:53,2019-07-30 07:40:53,37.1409453121743,-8.63192230965865,ALG_VDL_ER04-5151,69,2018-08-28 11:00:00,2018-11-14 17:00:00,24673,0.766480273376825,
PI040298AD5I212453,FFFD,j9rqYf9Yo21534872831735,2019-05-01 07:40:53,2019-07-30 07:40:53,37.1404598619774,-8.63525056869004,ALG_VDL_Mn41-FFFD,74,2018-08-21 18:45:00,2018-11-14 16:45:00,24674,0.751545795132649,
PI040298AD5I213451,3100,o2qYk7uYgD1535191040151,2019-05-01 07:40:53,2019-07-30 07:40:53,37.1391308108068,-8.63339052842582,ALG_VDL_Ss13-3100,25,2018-08-25 11:15:00,2018-11-27 13:30:00,25041,0.77103796532931,
PI040298AD5I212473,0025,R72UJzmJf01535192753018,2019-05-01 07:40:53,2019-07-30 07:40:53,37.1393363058295,-8.6331370088226,ALG_VDL_Ss23-0025,75,2018-08-25 11:45:00,2018-11-15 09:45:00,25747,0.792825250192456,
PI040298AD5I208065,6B0C,RCVIV2w6qr1533057202798,2019-05-01 07:40:53,2019-07-30 07:40:53,37.1396330421975,-8.63564754770685,ALG_VDL_Tn15-6B0C,100,2018-08-17 12:15:00,2019-03-31 15:45:00,26211,0.788514184290485,
PI040298AD5I212562,0808,kb5zTZkY401535219454442,2019-05-01 07:40:53,2019-07-30 07:40:53,37.1398214785198,-8.63214084208383,ALG_VDL_Ss49-0808,80,2018-08-25 19:00:00,2018-10-29 10:30:00,26239,0.808697528200703,
PI040298AD5I213125,6442,QAHjHbm4wt1535188440361,2019-05-01 07:40:53,2019-07-30 07:40:53,37.13922088373,-8.6335680976671,ALG_VDL_Ss02-6442,52,2018-08-25 10:30:00,2018-10-29 10:15:00,26241,0.807912561576355,
PI040298AD5I213235,536D,Mdu87uI2Rp1535191450191,2019-05-01 07:40:53,2019-07-30 07:40:53,37.139310354756,-8.63319748769151,ALG_VDL_Ss14-536D,59,2018-08-25 11:15:00,2018-10-29 10:30:00,26497,0.815869692397697,
PI040298AD5I212674,1E8C,1NJjN6QpvM1534872498323,2019-05-01 07:40:53,2019-07-30 07:40:53,37.1404598619774,-8.63525056869004,ALG_VDL_Mn39-1E8C,76,2018-08-21 18:45:00,2018-10-26 13:15:00,26516,0.807651305168895,
PI040298AD5I213967,0F04,v9vbFeB7vf1534868821800,2019-05-01 07:40:53,2019-07-30 07:40:53,37.1403152508821,-8.63510936988484,ALG_VDL_Mn26-0F04,78,2018-08-21 17:45:00,2018-10-26 13:00:00,26517,0.807583371402467,
PI040298AD5I212668,2187,Dp4ZyYkwhh1534872315473,2019-05-01 07:40:53,2019-07-30 07:40:53,37.1404057850978,-8.63541277004578,ALG_VDL_Mn38-2187,75,2018-08-21 18:45:00,2018-10-26 13:00:00,26517,0.807681764186287,
PI040298AD5I212110,6074,slb8cR0rGB1534848896696,2019-05-01 07:40:53,2019-07-30 07:40:53,37.1399606587496,-8.63466836005483,ALG_VDL_Mn01-6074,78,2018-08-21 12:15:00,2018-10-26 12:30:00,26519,0.807103509145692,
PI040298AD5I213129,61FC,n9vymDOacG1535218280769,2019-05-01 07:40:53,2019-07-30 07:40:53,37.1395201043047,-8.63239301002134,ALG_VDL_Ss41-61FC,78,2018-08-25 18:45:00,2018-10-26 11:45:00,26522,0.817394520294634,
PI040298AD5I214020,5D64,ddb5C9TadW1535216387975,2019-05-01 07:40:53,2019-07-30 07:40:53,37.1395701306988,-8.63260807928343,ALG_VDL_Ss32-5D64,49,2018-08-25 18:15:00,2018-10-26 10:15:00,26532,0.81765231594194,
PI040298AD5I211070,39B3,j6F3zrWZNk1535470631365,2019-05-01 07:40:53,2019-07-30 07:40:53,37.1392978766439,-8.63291060513885,ALG_VDL_SS22-39B3,0,2018-08-28 16:45:00,2018-10-26 10:00:00,26533,0.824851555942425,
PI040298AD5I213134,55E3,HuMqUAsiJv1535191722844,2019-05-01 07:40:53,2019-07-30 07:40:53,37.139206121734,-8.6331614149763,ALG_VDL_Ss18-55E3,79,2018-08-25 11:30:00,2018-10-26 09:45:00,26534,0.817034117502156,
PI040298AD5I208079,6A37,5hI12wAFjv1531386302928,2019-05-01 07:40:53,2019-07-30 07:40:53,37.140053431288,-8.63033387871597,Fr01-6A37,69,2018-08-17 12:00:00,2018-10-26 08:45:00,26535,0.798237169845376,
PI040298AD5I211670,9FB7,9PZhMsl9sC1535223087989,2019-05-01 07:40:53,2019-07-30 07:40:53,37.1387543293242,-8.63257025168467,ALG_VDL_Sb04-9FB7,75,2018-08-25 20:00:00,2018-10-26 09:00:00,26537,0.817982861722459,
PI040298AD5I212913,A4F9,jOdiVCQTJT1533051347156,2019-05-01 07:40:53,2019-07-30 07:40:53,37.1394273161197,-8.63513556594081,ALG_VDL_Tn05-A4F9,65,2018-08-17 12:15:00,2018-10-26 12:30:00,26553,0.79880268343311,
PI040298AD5I212373,391F,FyUNIBCebU1535190533951,2019-05-01 07:40:53,2019-07-30 07:40:53,37.1391308108068,-8.63339052842582,ALG_VDL_Ss10-391F,52,2018-08-25 11:00:00,2018-10-29 10:30:00,26900,0.828252971242072,
PI040298AD5I211129,41BE,kkDlUEz5zD1534850226684,2019-05-01 07:40:53,2019-07-30 07:40:53,37.1398819704364,-8.63526069498754,ALG_VDL_Mn06-41BE,76,2018-08-21 12:30:00,2019-07-29 07:45:00,27236,0.828950572193815,
PI040298AD5I211083,3A30,eG9zvVzB7z1534849663856,2019-05-01 07:40:53,2019-07-30 07:40:53,37.1398819704364,-8.63526069498754,ALG_VDL_Mn04-3A30,75,2018-08-21 12:15:00,2018-10-13 15:30:00,27755,0.844721064004626,
PI040298AD5I214090,57E5,cpTeFaY9631534851911890,2019-05-01 07:40:53,2019-07-30 07:40:53,37.1400463052534,-8.63509280903325,ALG_VDL_Mn12-57E5,82,2018-08-21 13:00:00,2018-10-13 15:30:00,27755,0.844798198088513,0:0
PI040298AD5I205993,6501,2OhB59HXPV1533052721808,2019-05-01 07:40:53,2019-07-30 07:40:53,37.1391359857535,-8.63555584962462,ALG_VDL_Tn07-6501,78,2018-08-17 12:15:00,2018-10-13 14:45:00,27758,0.835053097078909,
PI040298AD5I213126,632D,3gv8CwiSgl1535190867317,2019-05-01 07:40:53,2019-07-30 07:40:53,37.1391308108068,-8.63339052842582,ALG_VDL_Ss12-632D,85,2018-08-25 11:15:00,2018-10-12 13:30:00,27859,0.857807063460295,
PI040298AD5I213518,5E32,y3ikbOQpYD1535188689637,2019-05-01 07:40:53,2019-07-30 07:40:53,37.1392988116444,-8.63355262959753,ALG_VDL_Ss03-5E32,87,2018-08-25 10:30:00,2018-09-24 11:15:00,29596,0.911206896551724,
PI040298AD5I212031,334B,GoIyvC38cb1535189050554,2019-05-01 07:40:53,2019-07-30 07:40:53,37.1392988116444,-8.63355262959753,ALG_VDL_Ss05-334B,87,2018-08-25 10:45:00,2018-09-24 11:15:00,29596,0.911234951815019,
PI040298AD5G204883,9FAC,971lMaOAbh1535455037186,2019-05-01 07:40:53,2019-07-30 07:40:53,37.1383959899351,-8.63561140725574,ALG_VDL_TS02-9FAC,90,2018-08-26 11:45:00,2018-09-24 10:45:00,29598,0.914110997868989,
PI040298AD5I214059,33A1,JGZlQjZxb61534871984747,2019-05-01 07:40:53,2019-07-30 07:40:53,37.1404057850978,-8.63541277004578,ALG_VDL_Mn36-33A1,87,2018-08-21 18:30:00,2018-09-24 10:15:00,29600,0.901559454191033,